{"cameraMode":{"drawMode":0,"name":"Shaded","section":"Shading Mode"},"sceneLighting":true,"audioPlay":false,"sceneViewState":{"m_AlwaysRefresh":false,"showFog":true,"showSkybox":true,"showFlares":true,"showImageEffects":true,"showParticleSystems":true,"showVisualEffectGraphs":true,"m_FxEnabled":true},"in2DMode":false,"pivot":{"x":-0.0000019073486328125,"y":0.49999967217445376,"z":-3.725290298461914e-7},"rotation":{"x":0.0829860046505928,"y":0.6692163348197937,"z":-0.07560607045888901,"w":0.7345380187034607},"size":20.6660213470459,"orthographic":false}